{
   "empirical": {
      "gbytes": {
         "data": [
            [
               "L1", 
               3043.59
            ], 
            [
               "DRAM", 
               784.19
            ]
         ], 
         "metadata": {
            "TIMESTAMP_DATA": [
               1604486552.14, 
               1604485830.83, 
               1604485590.24, 
               1604486311.97, 
               1604486071.48
            ], 
            "GPU_THREADS": 64, 
            "FLOPS": 1, 
            "GPU_BLOCKS": 2560, 
            "TIMESTAMP_DB": 1604555729.178209
         }
      }, 
      "gflops": {
         "data": [
            [
               "FP16 GFLOPs", 
               25793.15
            ], 
            [
               "FP32 GFLOPs", 
               13955.02
            ], 
            [
               "FP64 GFLOPs", 
               7034.72
            ]
         ], 
         "metadata": {
            "TIMESTAMP_DATA": [
               1604553418.86, 
               1604553033.63, 
               1604552263.32, 
               1604551877.71, 
               1604552648.72
            ], 
            "GPU_THREADS": 128, 
            "FLOPS": 1024, 
            "GPU_BLOCKS": 1280, 
            "TIMESTAMP_DB": 1604555729.177788
         }
      }, 
      "metadata": {
         "ERT_VERSION": "1.1.0", 
         "HOSTNAME": [
            "ika.snl.salk.edu", 
            [], 
            [
               "198.202.70.98"
            ]
         ], 
         "CONFIG": {
            "ERT_WORKING_SET_MIN": [
               "128"
            ], 
            "ERT_CFLAGS": [
               "-O3", 
               "-std=c++11"
            ], 
            "ERT_CC": [
               "nvcc"
            ], 
            "ERT_BLOCKS_THREADS": [
               "163840"
            ], 
            "ERT_FLOPS": [
               "1,2,4,8,16,32,64,128,256,512,1024"
            ], 
            "ERT_WSS_MULT": [
               1.1
            ], 
            "ERT_HIP": [
               false
            ], 
            "ERT_RESULTS": [
               "Results.ika.snl.salk.edu"
            ], 
            "ERT_MEMORY_MAX": [
               "1073741824"
            ], 
            "ERT_LDFLAGS": [], 
            "ERT_LDLIBS": [], 
            "ERT_RUN": [
               "./ERT_CODE"
            ], 
            "ERT_OCL": [
               false
            ], 
            "ERT_GPU_THREADS": [
               "64,128,256,512,1024"
            ], 
            "ERT_SYCL": [
               false
            ], 
            "ERT_MPI": [
               false
            ], 
            "ERT_TRIALS_MIN": [
               "1"
            ], 
            "ERT_DRIVER": [
               "driver1"
            ], 
            "ERT_GPU_LDFLAGS": [], 
            "ERT_OPENMP": [
               false
            ], 
            "ERT_GPU_CFLAGS": [
               "-x", 
               "cu", 
               "-arch=sm_70"
            ], 
            "ERT_KERNEL": [
               "kernel1"
            ], 
            "ERT_GPU": [
               "True"
            ], 
            "ERT_LD": [
               "nvcc"
            ], 
            "ERT_NUM_EXPERIMENTS": [
               "5"
            ], 
            "ERT_PRECISION": [
               "FP16", 
               "FP32", 
               "FP64"
            ], 
            "ERT_ALIGN": [
               "32"
            ], 
            "ERT_GNUPLOT": [
               "gnuplot"
            ], 
            "ERT_GPU_BLOCKS": [
               "80,160,320,640,1280,2560"
            ]
         }, 
         "UNAME": [
            "Linux", 
            "ika.snl.salk.edu", 
            "3.10.0-1127.13.1.el7.x86_64", 
            "#1 SMP Tue Jun 23 15:46:38 UTC 2020", 
            "x86_64", 
            "x86_64"
         ]
      }
   }, 
   "spec": {
      "gbytes": {
         "data": []
      }, 
      "gflops": {
         "data": []
      }
   }
}